Filename,Run Count,Last Run Date
"C:\Program Files\BlueStacks",3,132556298448646200
"E:\FinalProject\Yasir-3041-ProjectPresentaion.pptx",2,132864739218514369
"C:\ProgramData",2,132824123929539860
"C:\Users\YsQuArE The Imperial\OneDrive\Documents\SIWES REPORT.docx",2,132567679739322753
"C:\Users\YsQuArE The Imperial\OneDrive\Pictures\jungoo.PNG",2,132566346523337701
"E:\Documents\Yasir-3041-ProjectPresentaion.pptx",1,132864738699483027
"C:\Program Files (x86)\PanFone",1,132854095010492827
"E:\bootstrap-4.5.2-dist\Music",1,132742787910944234
"C:\Users\YsQuArE The Imperial\AppData\Local\Packages\Adobe.CC.XD_adky2gkssdxte\LocalState\ut\22769716-8896-4a6c-ab76-e33a2c7c15ac\Untitled-1.xd",1,132691340751090059
"C:\Program Files\WindowsApps\Adobe.CC.XD_41.0.12.11_x64__adky2gkssdxte\Samples\en\Prototype XD Tutorial.xd",1,132691340510990693
"C:\xampp\xampp-control.exe",1,132677176718827429
"D:\DevSummary_V1.pdf",1,132671866835991258
"D:\FinalProject\Yasir-3041-ProjectPresentaion.pptx",1,132633137156834003
"D:\LectureNortes\Lecture Notes\Interaction design\SlideMembers_FreePPTTemplateVRVirtualReality_PS_4904.pptx",1,132633136192529862
"C:\Windows\WinSxS\amd64_microsoft-windows-r..t-office-protectors_31bf3856ad364e35_10.0.18362.1316_none_1b648808586032fe\MsoIrmProtector.ppt",1,132633135998911960
"D:\Yasir-3041-ProjectSubmissionSuplement",1,132621672760244247
"D:\Documents\Documentation_CarRentalSystem.docx",1,132602250064395287
"D:\Documents\CarRentalProject.docx",1,132602249728495873
"D:\Documents\OnliceCarRentalSystemusingWebbasedandSMSTechnology.pdf",1,132602249154653295
"D:\Documents\duckett.pdf",1,132600134026769412
"D:\My Video1.mp4",1,132572600061168975
"D:\My Video.mp3",1,132572599545552159
"D:\iPhone\My Video 1.mp4",1,132572599329948955
"D:\Documents\SIWES REPORT.docx",1,132567679475036447
"C:\Users\YsQuArE The Imperial\Videos\cloud.txt",1,132564072026882536
"C:\Windows\System32\Tasks\BlueStacksHelper",1,132556298514121403
"C:\Users\YsQuArE The Imperial\AppData\Roaming\Microsoft\Windows\Recent\BlueStacks.lnk",1,132556298381108142
"C:\Users\YsQuArE The Imperial\AppData\Local\Programs\Python\Python39-32\Lib\lib2to3\main.py",1,132529635157806424
